{
  "filters": [
    {
      "id": "minecraft:wooden_pickaxe"
    },
    {
      "id": "minecraft:wooden_axe"
    },
    {
      "id": "minecraft:wooden_hoe"
    },
    {
      "id": "minecraft:wooden_shovel"
    },
    {
      "id": "minecraft:wooden_sword"
    },
    {
      "id": "minecraft:stone_pickaxe"
    },
    {
      "id": "minecraft:stone_axe"
    },
    {
      "id": "minecraft:stone_hoe"
    },
    {
      "id": "minecraft:stone_shovel"
    },
    {
      "id": "minecraft:stone_sword"
    },
    {
      "id": "iguanatweaksexpanded:flint_pickaxe"
    },
    {
      "id": "iguanatweaksexpanded:flint_axe"
    },
    {
      "id": "iguanatweaksexpanded:flint_hoe"
    },
    {
      "id": "iguanatweaksexpanded:flint_shovel"
    },
    {
      "id": "iguanatweaksexpanded:flint_sword"
    },
    {
      "id": "iguanatweaksexpanded:copper_pickaxe"
    },
    {
      "id": "iguanatweaksexpanded:copper_axe"
    },
    {
      "id": "iguanatweaksexpanded:copper_hoe"
    },
    {
      "id": "iguanatweaksexpanded:copper_shovel"
    },
    {
      "id": "iguanatweaksexpanded:copper_sword"
    }
  ]
}
